{"cameraMode":{"drawMode":0,"name":"Shaded","section":"Shading Mode"},"sceneLighting":true,"audioPlay":false,"sceneViewState":{"showFog":true,"showMaterialUpdate":false,"showSkybox":true,"showFlares":true,"showImageEffects":true,"showParticleSystems":true},"in2DMode":false,"pivot":{"x":12.063843727111817,"y":3.804980754852295,"z":22.175556182861329},"rotation":{"x":0.10648549348115921,"y":0.2550355792045593,"z":-0.028270233422517778,"w":0.9606351852416992},"size":3.4950385093688967,"orthographic":false}