{"cameraMode":{"drawMode":0,"name":"Shaded","section":"Shading Mode"},"sceneLighting":true,"audioPlay":false,"sceneViewState":{"showFog":true,"showMaterialUpdate":false,"showSkybox":true,"showFlares":true,"showImageEffects":true,"showParticleSystems":true},"in2DMode":false,"pivot":{"x":8.736019134521485,"y":-2.354872703552246,"z":21.663150787353517},"rotation":{"x":0.19574005901813508,"y":0.21284101903438569,"z":-0.04356557875871658,"w":0.9562889337539673},"size":17.710304260253908,"orthographic":false}